Commit Hash, Timestamp
1b9518bd04cfe9012d5f241956538c4df2abddad, 2022-03-07T19:22:09+00:00
3b3fba73d5472251630e4e9bb2ba3add3ca840bb, 2022-03-07T12:29:39+00:00
1b22752a81ac184740997f2a145158afaa54a831, 2022-03-06T12:27:59+00:00
90f342b1d39f53311d163d830840ccb018f3b172, 2022-03-05T12:26:51+00:00
0553e3c2ebdad15612f1abc082cdd576f23c0253, 2022-03-04T12:28:51+00:00
ea53604b8b6805038f527909ba38fe41dbbbe3ad, 2022-03-03T21:30:53+00:00
71c78f4da07db6dd65379dd0ef8a1d989d980c96, 2022-03-03T21:03:30+00:00
36833b82de573ed5185ee343d7594e8fbcc307c8, 2022-03-03T12:36:50+00:00
44fd0141c7e8cb4420e72b52247e671dbf956445, 2022-03-02T21:50:22+00:00
ce75011f34cd32746660387a510a8090c3c3a60a, 2022-03-02T21:15:43+00:00
419b15ff9b1c90ad657053100eaa670662a1790e, 2022-03-02T11:52:41-05:00
f7824a0db868c6fb35dfa1406619bf340e25c144, 2022-03-09T23:04:47+00:00
4e17ef73a670f373b56917ce506ebedc7fa0cb29, 2022-03-09T23:42:57+00:00
dc886a9ad1beed821bf1305bd364b3865744ab9d, 2022-03-11T12:17:06+00:00
a5437cec13d0cb9ceeba6e02c250a069194f8b75, 2022-03-12T04:56:37+00:00
60c28177fd3756049114a0248e28284abf61bdd7, 2022-03-13T04:58:28+00:00
74aecd1383422bb7314efbb5c65bcb81d604444c, 2022-03-14T05:12:52+00:00
77a5958659bd4ca17fce5d44b8c77eb9778f9ff2, 2022-03-15T04:56:07+00:00
1ae7e1fc770f474486831d716471f634fbe97218, 2022-03-16T04:54:05+00:00
a94fc458e1e61ad78efe818305570f0622c35ab6, 2022-03-17T04:55:57+00:00
706d8f5201726c309971dfb655f1b363f312beed, 2022-03-21T21:28:37+00:00
f9a09340301e216827658796a92d29d4d8009e98, 2022-03-22T04:48:41+00:00
9d05392c558863d0cc433326cc45835ad5f54a96, 2022-03-23T04:49:53+00:00
6163b67da2d56c40ab3f843a28e72e70d8f2c9a1, 2022-03-24T04:49:54+00:00
a06590497a20dff4c8d2f6ddb0ae585a0552d372, 2022-03-25T04:49:44+00:00
8d10510e89d13bef01494d98130509a7815ca0f8, 2022-03-26T04:48:30+00:00
a353ef71a52267f71dba2252c3b43d39685ca102, 2022-03-27T04:49:37+00:00
5da6ab99b702b0558119220f2571433260a0f550, 2022-03-28T04:49:31+00:00
54aa52304250cb4fb2b3ab4d0539b8c64f25f63e, 2022-03-29T04:50:13+00:00
032b5603f27ee16cdf1ca0b466b008d748a27075, 2022-03-30T04:50:31+00:00
a9332259590da268e75c46f84f7867b3f1bc24b7, 2022-03-31T04:49:24+00:00
0aff9c632c4074de4ade6755afe321c8a8f4046a, 2022-04-01T04:49:29+00:00
d6842c4d78a0691e27e2bd6f9d82afed295d98a8, 2022-04-02T04:47:43+00:00
9d434503a3ecba1fe9d23b94bdebd530e5fcb616, 2022-04-03T04:49:44+00:00
aeefa7b4230c4ad370f6d6278ba401783e9840c4, 2022-04-04T04:48:52+00:00
c8bec82c7a69cb2d51d2dbd110a43785007496a9, 2022-04-05T04:47:33+00:00
3d1818605efbcd0503ce7f3660db1be84b744fcf, 2022-04-06T04:50:05+00:00
4383fef45bcc8b201552462e07d8a1d757be061b, 2022-04-07T04:48:41+00:00
5d7a6e33e076a8f164d79ced0402025738693a2d, 2022-04-08T04:49:21+00:00
1466ea35b7fdc54f7dcc443ab74c5b5f8137b0e5, 2022-04-09T04:49:02+00:00
c40329b179e98925193adffe8324f38d56183fc7, 2022-04-10T04:50:30+00:00
549571a476711a1f9eca1c147929526fdc8aa05e, 2022-04-11T04:51:24+00:00
6ee01a236cf03e93f06d41997d4a4201c9220569, 2022-04-12T04:49:29+00:00
f2a0842c7f15c80d98950b6f8dd43e94164179ee, 2022-04-13T04:50:33+00:00
eff7440b5bec7fd551d0db0fc8fbe13d47ec5d59, 2022-04-14T04:49:33+00:00
21569af281a799e3fa562df76a8024978b95ee03, 2022-04-15T04:54:42+00:00
6d3f3c70423728df7d8d88768a685de443ab9fa5, 2022-04-16T04:50:13+00:00
a6d6ad046c74e5cec53f023fb7f130251a726bd1, 2022-04-17T04:47:50+00:00
b66bbc726f3824c0a18976dea4b3441cf147fb79, 2022-04-18T04:51:23+00:00
85778d0f941087b17d9336787a5c25cee14db165, 2022-04-19T04:55:01+00:00
ac73f0813c05677a7e07fc337d40670dc4cf1e77, 2022-04-20T04:57:40+00:00
f11f2e2243c87f216727f6faef29bcf98bbf6b67, 2022-04-21T04:56:28+00:00
515ad8ac56d07d03cdf503c4b37b54659819d562, 2022-04-22T04:58:26+00:00
e76b87c7fc525a4437abaa516866ca2513cbda1c, 2022-04-23T04:49:55+00:00
f3fd048758884d12e12eccdd96314f914dd8e4a0, 2022-04-24T04:50:09+00:00
d0de28a013d8e2d4695980690b4f5701cdb7719f, 2022-04-25T04:53:45+00:00
9a24f0ce24353fe0c1471002ef243bc17aa7ee37, 2022-04-25T16:53:28+00:00
09ca9f2ab0acd24943bf3af684b9b90eb313339a, 2022-04-26T04:52:34+00:00
c4cb3ab0c527556fc9366c6db1215c92620b6aa1, 2022-04-27T05:00:10+00:00
16a45a3503dcf05f4896d7f942aca818084bd03a, 2022-04-28T05:04:23+00:00
5ee1931209ded36cda7f48b3c7cae335483a0715, 2022-04-29T04:54:30+00:00
b49b6a214fe20ff811b2d918db2f41cabf5dbae6, 2022-04-30T04:52:43+00:00
f00ae4f99bbcbdd3417e833e518835298103960d, 2022-05-01T04:57:37+00:00
63440eec54e510ee3b25b16dc2c43d24edeea3f2, 2022-05-02T04:57:15+00:00
13230486e9fe0e52e9611061efe72fadcce066ad, 2022-05-03T04:56:36+00:00
80a8ccbb749c40b9069ef7b2910f4a52fa01207e, 2022-05-04T04:53:26+00:00
2378ce4b88c670009d792e2ed76da8e99f91bbb6, 2022-05-05T04:55:49+00:00
8e29bcf182b30a75042824e815daaf646b341e6f, 2022-05-06T04:51:22+00:00
95c2efaaf9402b3de6092ffeee2bbab91489670a, 2022-05-07T04:50:11+00:00
8edd4cc0aa08f84e8bf3cdc1fc2450e4180ec2ae, 2022-05-08T04:51:13+00:00
28ffe041ab565331f0ee18b4ace5da37ad53d167, 2022-05-09T04:52:33+00:00
457bc1746e5aa4a9b8630ee2c5a03fdad7877ee7, 2022-05-10T04:51:04+00:00
ac2f1190060144ccb55c831196079cb2e09eb83f, 2022-05-11T04:54:04+00:00
7e0699370e54cae2f9a3d0144b38f132d2f395c6, 2022-05-12T04:55:39+00:00
51bb9f59b5549e07cdefc13b5826bcf37cdf60c8, 2022-05-13T04:59:26+00:00
e1b8f4d285fcc46cc4dd8d996613d67b14fa9425, 2022-05-14T05:10:32+00:00
ce75c1aab12e3ff1382bec4be4f954c10a889e4f, 2022-05-15T04:52:57+00:00
eebe4b5046ae0b2a3c7e85d3739513bd373505c6, 2022-05-16T04:54:21+00:00
610eb9c3784a06664f2e1eb9763727ea5239cbbf, 2022-05-17T04:53:33+00:00
95139cb9c47f091520cab64a01fb3dcb7603fe21, 2022-05-18T04:53:33+00:00
844054db08cb7759d39138773ee56be6ca34f03a, 2022-05-19T04:52:47+00:00
7500e525320cac3f7d4cf391972aebb223575049, 2022-05-20T04:53:21+00:00
d0aca6b3876e2395e0365c48530e3d3fa0aee3cd, 2022-05-21T04:48:25+00:00
806eeca1d1c668a3bee82993c1d59c841fa119d3, 2022-05-22T04:49:41+00:00
7cba05fe04e42583b4532fd751db78aa4f4b900c, 2022-05-23T04:54:20+00:00
09f92d7f95474ed3f36520bedab3c7884c45f1c3, 2022-05-24T04:54:35+00:00
2ea68257654eb9bfcab7a6d536517c9b16f17409, 2022-05-25T04:54:04+00:00
30432c9c4b783babbbdaef562ed650cf2da1671f, 2022-05-26T04:53:11+00:00
589306456b54d98f7f3b449b052428c96bf04984, 2022-05-27T04:52:20+00:00
a07a96d039146421c92d4e77c171e638ff001214, 2022-05-28T04:52:02+00:00
4835f05040bf43caae50a3f7d11c4cdc148a7ce1, 2022-05-29T04:52:06+00:00
098f53510eed37bac1ec934a158cc8989e1a03d5, 2022-05-30T04:56:41+00:00
816322b551a64199980c640cbeec5fb657d94ba9, 2022-05-31T04:54:40+00:00
d00e3e1940b583c610ea5cff77baf9099f3e7f33, 2022-06-01T05:07:06+00:00
6dd8fa59554fa71be2fcbc72029f5931ee5789c3, 2022-06-02T04:56:56+00:00
343bf745f6e390e980733573177a1c33d43b9fb6, 2022-06-03T04:48:43+00:00
62dbd906e26155499ea469c002abdb2d66aef18f, 2022-06-04T04:49:18+00:00
64b0b63ae16ab8ce18600fa6c5e215a66462aaef, 2022-06-05T04:47:33+00:00
2377780c1b2e64ccbf659f9e446635e526a5e961, 2022-06-06T04:52:54+00:00
5b5ce9a532b1f248760a3e37a2777e33616c5561, 2022-06-07T04:50:30+00:00
1403beb6735e90068d93dc2c0199df8a021d5041, 2022-06-08T04:50:15+00:00
3809a5af9240b4e73e2d49d9b2f5d63cbabdec7b, 2022-06-09T04:49:59+00:00
33848174ecc0b2be454bd3c3f4a063d1b573b210, 2022-06-10T04:49:27+00:00
e960e85fea5d3c05c0ce4732a2ef7562c6990548, 2022-06-11T04:48:51+00:00
ec2d15accd24010f1132aa1bebc7395869d55dd2, 2022-06-12T04:50:13+00:00
af45c0ba9cef261e4a483700595dd922060d064d, 2022-06-13T04:55:22+00:00
f4af708ccb05d517c1f5339ebb941f1f724325c4, 2022-06-14T04:57:21+00:00
777bb19b1f27ac281e88ada702b87e866b7e2bb0, 2022-06-15T04:54:33+00:00
cae55befb0fd0fa2206f3334d5d80b6da879260a, 2022-06-16T04:52:51+00:00
d88e18123f00c57c6845de69d49e3c61738fd493, 2022-06-17T04:52:50+00:00
e4788c7c9434ee89dea043f1f9ba688d5b21640b, 2022-06-18T04:48:08+00:00
e726b83d19cc7c517fb666e40fb452b91dedc774, 2022-06-19T04:51:58+00:00
21a5483a294e08b50286b3fce53eea360444c6f5, 2022-06-20T04:50:17+00:00
63aafd5408e4ad6ef637b6b94b0593ddb1a61147, 2022-06-21T04:53:17+00:00
53e3a853329ce0d70ba500fb1268db4562f4f793, 2022-06-22T04:53:16+00:00
2b411c63dc48afd8f5b86ac693cb7d19675eb286, 2022-06-23T04:54:37+00:00
f29a0e98d3a860d8479d5dc3dde6550542724bc4, 2022-06-24T04:57:15+00:00
eb8274fc51fe6d58f819a15b7827939b57a22eba, 2022-06-25T04:51:25+00:00
d800334473a09b66e7655ddd5b0e071f11755a59, 2022-06-26T04:51:55+00:00
e43267375d6c62b72661a36a4d9e6678a2b5bec5, 2022-06-27T04:57:20+00:00
5af39c1dc7f7972fbf63ab4b6eb16716fc84b943, 2022-06-28T04:54:43+00:00
665370b6e81a5e027aad6bf6b5d4f8888b0754bb, 2022-06-29T04:56:23+00:00
31661e37837f609e6feffebc7bac0b43961330c2, 2022-06-30T04:55:50+00:00
b10eec158ec6c44ecdf5007933eb9f267f01acf1, 2022-07-01T04:58:31+00:00
3d2fb0e5e3335b111a4a28e881ae6cbdc7a13277, 2022-07-02T04:53:43+00:00
e3a57bd9cd875f6938589e33ec717db475924392, 2022-07-03T04:50:59+00:00
525921edc09743bb6d526335a3bce343f1b5c4ef, 2022-07-04T04:56:26+00:00
2c90bfa676833918361368f03a5eeee7287f97b5, 2022-07-05T04:53:04+00:00
0c0d685a0e0e6dc50199ef5ed58713ebe18c734d, 2022-07-06T04:55:37+00:00
fd8e76378a6624c0b7728194149a6a599d808343, 2022-07-07T04:57:51+00:00
aa0b524b615a09f2c91759476503f6ab9faf8a36, 2022-07-08T04:54:39+00:00
4c9d603588c57cd4badca17e95490cc6bce9f34c, 2022-07-09T04:50:50+00:00
68a5beb4b4bf7d7b0e94ea56cb7c731e2cc04e55, 2022-07-10T04:51:11+00:00
47647c3cf7171dfe4d28517d734c423575e650de, 2022-07-11T04:56:28+00:00
c2049ac4db5bb203c0c6c4195cf2df2e20a9e824, 2022-07-12T04:59:47+00:00
aa67131ca8009b825c642c6b181ad1d54eeb3a26, 2022-07-13T04:53:14+00:00
444aeb9a9eca9473018101580e7ea30f4127d05c, 2022-07-14T04:56:09+00:00
afe17392d0481a81ea048927dd6c311c92c25a7a, 2022-07-15T05:01:15+00:00
0f7f25983ae222e1105171e824c1c8c5babe770c, 2022-07-16T04:50:14+00:00
e48cb858d266b79d275555097d41c5012fb49a5f, 2022-07-17T04:52:23+00:00
233ab80565cf011954d815c007678d0c7b939d40, 2022-07-18T04:56:46+00:00
913b65fd477d4796488a35a17a1c39acebc056a0, 2022-07-19T05:03:50+00:00
09aa0cdf818a2f503933de11f7dde5c7f3e40c16, 2022-07-20T04:57:00+00:00
8a7e529b2609f847f042cf8545dbabee5fc24958, 2022-07-21T04:56:18+00:00
da52df2d97a103417126bd5970991a0768ee6cf3, 2022-07-22T04:55:17+00:00
1670bdfeb8dad3d92e5d2d912b493ab5ae2f901e, 2022-07-23T04:50:21+00:00
ea7c35cc075c381bf869636f99b21fa1dc6bc53d, 2022-07-24T04:52:32+00:00
4c3e2f867476f10f7cb45f7b7f239e56e5539b05, 2022-07-25T04:55:04+00:00
da8a74b9ceb13288f4ccef63c9c36639faa4bf38, 2022-07-26T05:05:39+00:00
88733bcbaa66fbf65ed95ccfaa30b0a81db4fb4d, 2022-07-27T04:58:05+00:00
9da234a9905ce18e54058bc3214d9c30c374d521, 2022-07-28T04:54:47+00:00
81ca55d9b90c3404bf236276e767bd6a6e62e411, 2022-07-29T04:55:53+00:00
bc548c511150a9a9fba0400903aee7bbbafbe60d, 2022-07-30T04:53:59+00:00
44fbcc5178bda98a94a3cba0bec9067d69a753dd, 2022-07-31T04:52:25+00:00
7abb939b25a5e035b912df475baf93fe63bb63cf, 2022-08-01T05:08:40+00:00
68d45d6259d99f9045ba48bbe322ecb09e8ef84c, 2022-08-02T05:05:05+00:00
0d10424b0df935bac7a30e58f1ae7b6b174bc648, 2022-08-03T04:59:24+00:00
13a666b2268963a20e7bb633d453730878f84260, 2022-08-04T04:57:14+00:00
b039e33ce0f07adf1cba1b6860e9170664830905, 2022-08-05T04:56:19+00:00
5dd0fc46f341cb502fdc9ae63e292fa230eaaabc, 2022-08-06T04:50:55+00:00
56895b2486a2826e6c8f744be29f0257fdb3f826, 2022-08-07T04:49:38+00:00
29869ff1629aacb2ed4ae74b1320ee7081f426bd, 2022-08-08T04:53:53+00:00
b3b1648e481f7d473f3fc008cb9db444879e85c9, 2022-08-09T04:55:30+00:00
615b8159b7cd25bd39bdac528637088253bbf919, 2022-08-10T04:48:32+00:00
120c7d3194f514eb25428f11d402c23ba8ee7665, 2022-08-11T04:49:00+00:00
122688f51213c0f70915a5139ebd946813fdacb4, 2022-08-12T04:52:28+00:00
675baad05de5dd08e87efa2e5a54e5a86238eb55, 2022-08-13T04:49:59+00:00
028a67cec7e6395c5c95a0dadc374bdcb608690a, 2022-08-14T04:50:48+00:00
b5ebaeba5e80b765abc4d6a6fdb70d522339d63f, 2022-08-15T04:59:12+00:00
5ae487767023389efec294ec35349b0edd1e586c, 2022-08-16T04:54:00+00:00
7c430a7a10f1017877ff93c2f938a12d554088bc, 2022-08-17T05:04:32+00:00
f311b0cf46964cc482a33e3878b2fc2cc85ae84b, 2022-08-18T04:58:29+00:00
c4d6c81c120a54a4c46ba65df7b2efd3d69595ff, 2022-08-19T04:55:24+00:00
28594bdd64d33f8050170bd5df8f4328b19f60db, 2022-08-20T04:52:47+00:00
dd5a1f722cd1639859bcf06d117ec38da3682f4b, 2022-08-21T04:52:36+00:00
a941de8822c2b4db6b04df82f2ba1ea0516fa729, 2022-08-22T05:07:24+00:00
5375b1dab01e7e057642aae11a4b8ddb124fb798, 2022-08-23T05:10:21+00:00
65cfd5945290bebabd7ef7f2cd54078947263233, 2022-08-24T05:06:58+00:00
057e89037880c9cde5e2e3eaa96d1dbc14dd5adc, 2022-08-25T05:10:04+00:00
f41ddd3687f8589d1fad1f186c2d173205fbe6b0, 2022-08-26T05:16:16+00:00
bb93915f284a2a95332b9f797b537c62d9c61829, 2022-08-27T04:56:40+00:00
d7e788483012752ebf5cd052d9f553c663c9cf8e, 2022-08-28T04:58:53+00:00
f76a953a1d5bfae4593438ce474843fb9519c9e7, 2022-08-29T05:12:43+00:00
e07c95f4bc4baea1d506d009e58db0da1152a63e, 2022-08-30T05:17:52+00:00
4dd2400892b1d571b3536dc578ce2cc4e274f6fb, 2022-08-31T05:21:35+00:00
2bc9d762e2510fac4816710173188de1a9f4bca4, 2022-09-01T05:06:54+00:00
0e8dd00f98b457646ce17e1998e797b8eacbdd69, 2022-09-02T05:13:37+00:00
03456e6fc54b8b02ea2b80a073d4a70ad5c97384, 2022-09-03T04:58:28+00:00
ca462d720ee187eabb91476c06a59169ae8cbd3c, 2022-09-04T05:01:18+00:00
289065b1496119f0ec67b2c697c87b8c26138f85, 2022-09-05T05:11:14+00:00
3092c757a96a9d9fe2cd4729258336da38f3632e, 2022-09-06T05:18:28+00:00
3414b92bbf73109dddb9351f4d12b77f426fe3b5, 2022-09-07T05:18:54+00:00
92d19f5788b9496e96375116c81c6f2030bc8bd8, 2022-09-08T05:09:34+00:00
60d9a58bb0b251ca3a14899b3b3306c272ce3666, 2022-09-09T05:06:08+00:00
4a347aa0545b92c127cb22fdedee87a66f82edd3, 2022-09-10T05:06:29+00:00
d62e7713dab2b1aa34afefcae03f2c604776ccfd, 2022-09-11T05:04:08+00:00
3dd86cf8d92942f673bc85474d80cd2dc4f6ab3c, 2022-09-12T05:17:02+00:00
97f7febc51f14f133a8ab8aa7c16b0c8c16d4874, 2022-09-13T05:14:20+00:00
bca219174655c3c4bde194d0f93af8d183c7c719, 2022-09-14T05:13:48+00:00
749a90388da98ec894c0bb72c8089ecb207b55bc, 2022-09-15T05:10:08+00:00
a621cccf854a80b900fc4ab13b5d3e84831ebe85, 2022-09-16T05:14:12+00:00
fa63c52df5643e4f5a3b147fe4eb60233fc8c310, 2022-09-17T05:01:26+00:00
1c3eb0c63384165d32f807618a0123b78c578791, 2022-09-18T05:05:18+00:00
5594081e955474bfe3d404b35d85cf8ea89fd04a, 2022-09-19T05:16:50+00:00
da93642b42b1848beeb790ff5433d3637534cbcf, 2022-09-20T05:14:15+00:00
7e233b08f55cb2852cd5635b7d4eb095f0f1aae4, 2022-09-21T05:14:05+00:00
a13eeb2d52ef0823c902754fb30e8ec3aeabe3db, 2022-09-22T05:11:54+00:00
6404429478164124ac2fd076fedff083b7860149, 2022-09-23T05:14:09+00:00
849447a8e0d0337266ea0f0175b59a89e80a09a4, 2022-09-24T05:06:58+00:00
a6c4eb9e1f55bd47a94c62ef12b2407a76ca808a, 2022-09-25T05:03:09+00:00
afe0e672248ffd28226b2c8f106abc115a328b98, 2022-09-26T05:15:23+00:00
1cfdfea8eb8ca2211626eee9238b6c4a2192a926, 2022-09-27T05:12:21+00:00
a5a33a5f9e85de524f18b22ae301ce08ea357ad0, 2022-09-28T05:15:47+00:00
19ce05da858650e040781895e2a48b6c3cd160f9, 2022-09-29T05:13:39+00:00
3b42ba7fbb1461ff4c20d52e03d6f38b844537f8, 2022-09-30T05:16:44+00:00
8f144f97ae0da71538c50a4c83ed746b3df23646, 2022-10-01T05:11:42+00:00
ee0ced92b4c548ff7e27ed152b5c475fa6fcfd66, 2022-10-02T05:07:53+00:00
61541fa75df9b8351428875d25baf01f42fe1385, 2022-10-03T04:57:31+00:00
39e322b292b3d53073715feddd5346e37582be07, 2022-10-04T04:58:48+00:00
8d58028935be99ecb0a9ed39b9a08eac770d6afe, 2022-10-05T05:00:02+00:00
9d648bd4f6247f27082756dec2d448a446b6feae, 2022-10-06T04:55:49+00:00
7ae83f5fdbcb2b4b213ab3fce6c72af995c722de, 2022-10-07T04:57:39+00:00
114f97bc1c3228153ab0ed50683fd9cc39b7b228, 2022-10-08T04:57:09+00:00
e47acf2c539173a9f15e587962ae546142adc1d5, 2022-10-09T05:01:21+00:00
a64fe9c2b1065f5620165c0fb46138f9a8560f73, 2022-10-10T05:13:27+00:00
f1d3bc89bd0c824fe162ee3a7680ccbfe4cfc73d, 2022-10-11T05:12:48+00:00
b27066abdf24a6c69ebfa03ff3447ba9619b90cd, 2022-10-12T05:05:02+00:00
0b9544a51f99ba23df5299fddcb0d4381aec00b6, 2022-10-13T05:16:14+00:00
3bd6c9b53576d9e2c7bce302a18af4c9e4682d40, 2022-10-14T05:13:46+00:00
77c2800086f1e62cbb920652c4df6cd0024ddaa9, 2022-10-15T05:09:36+00:00
70013b2bd6aca4d8955e59aa55f3d40a9ecd4c0a, 2022-10-16T05:05:32+00:00
12ee72d477fe871e9257b70bb1656de2aaebff08, 2022-10-17T05:17:08+00:00
34db1b59d751929487fd7dbff94abd0da0f06473, 2022-10-18T05:16:39+00:00
d17a10e008594d8d9405ffbd22d52653d3997b22, 2022-10-19T05:18:04+00:00
dcbf0cdfcde857e024f00f3ce98dc4524caf7ea2, 2022-10-20T05:00:39+00:00
34d605905f301f8f680f4587ddd89c097f58eb22, 2022-10-21T05:02:12+00:00
5998858ae035922c9edd89493fb3d092be999229, 2022-10-22T04:58:37+00:00
3c1aa3d47b8cdb3a6916bbd03e506a4a2b5af4b5, 2022-10-23T05:04:54+00:00
ab0fe621ab587176c8156fb61e98b4fe87df351c, 2022-10-24T05:18:04+00:00
fff6972e85f3680fd2c336fca866daec444b7beb, 2022-10-25T05:18:22+00:00
3b1cff6b0e14dda618e0a9f81754b20e8e2aca3d, 2022-10-26T04:56:43+00:00
f6ee55bce3a364d3caad205b14409fad577bacd9, 2022-10-27T04:55:06+00:00
da237eb1249bf513d40f8e15e76113af9605c0b4, 2022-10-28T04:56:11+00:00
e928a529b13022b8e6b3c244553830b90cd6422d, 2022-10-29T04:54:15+00:00
d9babff4c2a72a6e8baec4f0a2bee0727279fa2b, 2022-10-30T04:58:34+00:00
86578d6bf99f1139743ea5e3b21e21dd534fb603, 2022-10-31T04:56:35+00:00
a64e97355239505ba8aa9b72acd325163fd44ed0, 2022-11-01T05:09:17+00:00
850d4dba00d0d13d2a7abeefdcf55a067a862dc5, 2022-11-02T04:59:25+00:00
4798465f9ed81cea4baf78a387904e67b9ea4057, 2022-11-03T04:55:41+00:00
47f58240f960afc71911dfe553db0757d3da726b, 2022-11-04T04:55:24+00:00
3f7a94490c36bf20bc3e38a196e81a16a97c7942, 2022-11-05T04:52:18+00:00
3ef16af0805de54ec703c27e1e5a99e2466b4767, 2022-11-06T04:52:45+00:00
aed8d3f31ef5a2b46509363bf9ba576a44be411c, 2022-11-07T04:55:44+00:00
df2390807fa092e6167e55aa2b669c29abf5079b, 2022-11-08T04:58:21+00:00
fa4b2855410701b8e03b3857da8787fe4f5d50a1, 2022-11-09T04:58:12+00:00
c3e05909a325f3ae322ea153a3e34e6a3e5026e1, 2022-11-10T04:57:26+00:00
f2631fec9e3b6ddc06ec171f5ba84893e71d6de0, 2022-11-11T04:56:10+00:00
47b79535129462ba8e6750fae3255b2d918b59bf, 2022-11-12T04:54:02+00:00
c65d6910e656bd172b56d9643268fd3c997abb6d, 2022-11-13T04:56:09+00:00
e622b8e1af5165e925ba2922b65544a59719261d, 2022-11-14T04:55:14+00:00
b48ff9b4e44900bde528f3447e018e0091acf7f7, 2022-11-15T04:51:16+00:00
93a12fb1949293feabfbb0b296b8ece001eb4bb0, 2022-11-16T04:51:04+00:00
395bb688aadad2ff323fe862ad7f269e05b2bdd4, 2022-11-17T04:48:47+00:00
708de68462779fb4f38f1f0fb161697abefd2892, 2022-11-18T04:50:47+00:00
f832f12a2a134ecc656f1926dbfa31b9a91be4a3, 2022-11-19T04:48:17+00:00
2aac5ab71d0f5ca4c091c90544aaa6cda1dd4ab8, 2022-11-20T04:53:09+00:00
a2c9bcfd2b95b59b2f48ca57d898ab0f604e17a6, 2022-11-21T04:51:23+00:00
b41d4078c32652631cea20630c7a5afa94cdadb6, 2022-11-22T04:48:36+00:00
5d99bce2618dc3ba2fd5bf041073a811eac2f51e, 2022-11-23T04:47:37+00:00
bee12f9091d6acb419d6f66ef181c4c00cc2de6d, 2022-11-24T04:47:41+00:00
83e22c8a2c82cd11836a9f77040a66988442ea5d, 2022-11-25T04:46:33+00:00
7dba4ccd2b3bf14517e6d3917506d1ebb0f8843c, 2022-11-26T04:49:16+00:00
b695f5256a66fc4960c7122052a08b4e67d99e73, 2022-11-27T04:46:35+00:00
4cb2e6b2ac0cc996bf0402f7159bc4ba869d4de0, 2022-11-28T04:49:25+00:00
a5d4d9f0a20aa34a24f06f79505e2a29c97fa965, 2022-11-29T04:48:43+00:00
48b85d9513a137d6f182e06a0097c03c2a493446, 2022-11-30T04:50:11+00:00
f6b649449547b1ddf57f6e550242e2cc584d62ae, 2022-12-01T04:47:21+00:00
51bd76a04c3851d820d4b7b0b961d98ba4b3c4b7, 2022-12-02T04:48:16+00:00
ad5e3114cf543f2467379c4b3206d41b68126171, 2022-12-03T04:44:34+00:00
11eb401d14b854c6375ba000fca614a180f9398c, 2022-12-04T04:46:26+00:00
e640405477c00b8a4d5a957d5aabc3c18dcc2ea7, 2022-12-05T04:50:15+00:00
cb7c693adc95868e4aac44054754d3bae0e74004, 2022-12-06T04:47:44+00:00
ae527a156a7a81742ffc25e4c934598f8d278cae, 2022-12-07T04:50:29+00:00
9c9f84e99842b5acffea27f005ac07a4df3a958d, 2022-12-08T04:50:23+00:00
d28dc579c53deac72f017298250c976b7ed94efa, 2022-12-09T04:47:48+00:00
7f6a4b3ecd31a622563d68983e79a1fd84114411, 2022-12-10T04:46:40+00:00
4fb12f49238895f6e36d0c0b288ce86b12cf510a, 2022-12-11T04:46:28+00:00
57847646cbdc335fbab4b6bcfec379669c9cc664, 2022-12-12T04:51:06+00:00
df6ac557253a4ae32b0ea6dd49b0c1768e86ff1d, 2022-12-13T04:45:16+00:00
33fc4cb901c10df206f064d4d2e4db053b418165, 2022-12-14T04:48:29+00:00
be1167bf3ce4a3be4e28f2cfb7275418aaaa87d3, 2022-12-15T04:48:21+00:00
b14e81e8b056e5b8299a2f2131fead603d5a1850, 2022-12-16T04:48:00+00:00
b72b3a81ea4c12432ec3f85ab4e496a8b9d99768, 2022-12-17T04:47:28+00:00
17cabe930cd7d73842510e8f796c33dc785ea3a8, 2022-12-18T04:45:02+00:00
1b327cc28baa37d07fb2865c4d4d1f79ee136326, 2022-12-19T04:44:41+00:00
e965218422ee17c4fb0ccb0edfe41758ae921172, 2022-12-20T04:44:29+00:00
75ef7c159ab980c1e34e19e6b57907088877b194, 2022-12-21T04:47:09+00:00
041ea994cb5bc28c5af36a45c195379624025c36, 2022-12-22T04:46:33+00:00
3323e20d168240842de7ab1922e4e61cf82a44b4, 2022-12-23T04:46:04+00:00
cbfc1512425853d8f8eac0a0fa49d2f6da6e5b80, 2022-12-24T04:44:50+00:00
4cfb7ed6107d6d3073a5b4e0997c8af3fd38cbda, 2022-12-25T04:44:38+00:00
91f1b32a976c393381036d15cea640806538e4c7, 2022-12-26T04:47:12+00:00
6084f61e979460c0aebf4461b1cb8eb98b73fb80, 2022-12-27T04:43:00+00:00
59619b87b073e0a7f27a0efb744faac04424ab5f, 2022-12-28T04:44:23+00:00
f79808cf31076bbc77d06f0054f4e66c191619c7, 2022-12-29T04:43:54+00:00
1274ffb0c1620575c6b37163a2c2684fce555d0b, 2022-12-30T04:44:00+00:00
0c31f7268558a09c4af3af549974f2cb4b4421d1, 2022-12-31T04:43:22+00:00
38912817bf44caf7420f38f921dc32103b385512, 2023-01-01T04:45:18+00:00
3efa42154e2ce81f4acd951e9301bc33b596da93, 2023-01-02T04:43:14+00:00
1a909d66bf27cf24250d82d2b01ce0997b1e4dea, 2023-01-03T04:44:36+00:00
219dcec526e2b4438cd8d434fce2263809bc0cf3, 2023-01-04T04:47:13+00:00
825c5ea3fdc2ce60eec923c228a832960f151d67, 2023-01-05T04:46:08+00:00
8dd5d1e798a8f9eae543f8a9839b69667a08877c, 2023-01-06T04:47:03+00:00
e9429a229cb2247c5f6ac4e18943471239669415, 2023-01-07T04:45:16+00:00
8b54ae59c8dab804e3291805bac79dbd17205f1f, 2023-01-08T04:46:53+00:00
82f1a3eaff81a2ca3870c933c572eee1c9b2a387, 2023-01-09T04:46:48+00:00
90749136d41eff0422b99513d994e3e04a4b47e1, 2023-01-10T04:47:45+00:00
8f77d249beb761e8a653cad0735ec609412908f6, 2023-01-11T04:45:23+00:00
f5e3eb4e52ab73f193faa186d66fad6290367c27, 2023-01-12T04:46:23+00:00
0d2a9e7bf908f8e73242cfba8a12338f921c3de8, 2023-01-13T04:48:37+00:00
1bc89de32e87472dc65bb8afc999ddf66b40fc90, 2023-01-14T04:45:15+00:00
92d56c2fe676e557874e091b5fd0e9abc71ee4a7, 2023-01-15T04:45:31+00:00
4a1b2d280099c20e9d85f47e5248503a3c19e7b2, 2023-01-16T04:46:40+00:00
6544f73a69e68071e004e6ee3cd01f4d5c24cd1a, 2023-01-17T04:46:12+00:00
f2832c9c61d07f8821cd4c124bffb23ea5ed23e7, 2023-01-18T04:46:45+00:00
096d0515e694aa60abea91cadf433187cf9831ba, 2023-01-19T04:48:40+00:00
f253ac260948ed7fdfe21b04edb27eba7d792d92, 2023-01-20T04:46:31+00:00
4df40eee70240064be42851c3003e19f44988285, 2023-01-21T04:46:19+00:00
c2d703bfe75f77dd3a622466ab9dd82a56c99fb5, 2023-01-22T04:44:10+00:00
6c9cb226ec4cbcb2974d6c0147736d39a5ee07c2, 2023-01-23T04:44:56+00:00
06cb94f1108a017408b8b1c1b347177b3fec9255, 2023-01-24T04:46:18+00:00
e94445d233301a43c3dfed2cd852999a94cb0f79, 2023-01-25T04:45:17+00:00
c147ad4057707929ab2a4d7a9d32d8384a0ad823, 2023-01-26T04:45:24+00:00
bbb4aea8a3c2cf6e061060eb88fd063959a46e12, 2023-01-27T04:45:24+00:00
7c0c5a14647400def12ac8068d11ed6a8f70527a, 2023-01-28T04:46:48+00:00
7f47dec9a03c3add5b51d274f173b46aa3a2f7dd, 2023-01-29T04:44:58+00:00
bced20297caa7b7f8a5b268b00d7863411150244, 2023-01-30T04:45:21+00:00
a8abd6abae2e998ff1e956c4e31735da5a666318, 2023-01-31T04:46:43+00:00
62e053d6b8ce08beb345c58d9b4d5e447dd94a28, 2023-02-01T04:45:23+00:00
2131a3ef2ccdb4a67e65469a9a9e1b5ab3353e4f, 2023-02-02T04:45:29+00:00
7f2c8edc01984e8c3aaf80df60f1766d915d273d, 2023-02-03T04:44:56+00:00
dc57a7abb566534dd5ee2ecd98fb47d31cc18191, 2023-02-04T04:46:25+00:00
9a765bd4061d6e8e5acd31f0bc19a5dc66f44d67, 2023-02-05T04:44:47+00:00
25f9a7722b4aebf1a529b425661e962f7f9f0453, 2023-02-06T04:46:19+00:00
7adc1bb48a632fc8c14142ffe177b2221d69f1ff, 2023-02-07T04:46:51+00:00
dc231c72224802ce159d8a13c84fd56a3867865a, 2023-02-08T04:44:14+00:00
8488d8a14bf56efda1469c0446e7ace93a045693, 2023-02-09T04:46:11+00:00
da47b122e8702aa1a3d9d903838ded7e4000271d, 2023-02-10T04:45:59+00:00
d8bd331295a397324ac0730094e2cbc1fd3e1720, 2023-02-11T04:44:44+00:00
6709f503ab88bff5713daa1d2cf288d8804b2eb8, 2023-02-12T04:45:25+00:00
0c2d94e02ce7770a241da949012cd2bbac6ee090, 2023-02-13T04:44:17+00:00
a0daedef1673be044c6040401abe5cc36742a3cf, 2023-02-14T04:46:49+00:00
77c4282f1dd0106a0c64007663121d3f26d86570, 2023-02-15T04:46:14+00:00
3f2c62abbedd2989dc4bae049ff19c62f71e438f, 2023-02-16T04:46:26+00:00
f24a492367686100739773b48dd7ca55afdd680f, 2023-02-17T04:45:25+00:00
c3e58eba2a0b8705d2c4ddb52783081c898501df, 2023-02-18T04:52:46+00:00
8148289b8f626573952bfe60f1f6063b917151a8, 2023-02-19T04:46:21+00:00
60dbf2168b1e0173fe99c8c9d49f7c915155626d, 2023-02-20T04:47:42+00:00
9a7508830c8c5f37245a8a3993947cc52753fca5, 2023-02-21T04:45:48+00:00
6eef3e36e785ff506bc6a0fb71178164d04712f9, 2023-02-22T04:46:30+00:00
3db0f126f0ad073b8325bfb0a8e45bbeb9c6c4bc, 2023-02-23T04:46:03+00:00
e08b109b142a23daa7fe26d675cce8c542ee8778, 2023-02-24T04:46:32+00:00
5c8ad869fa3ea4052be8a4f0f1b091d90bb0d085, 2023-02-25T04:45:25+00:00
4158f7efb5ed53f528bd0897e832cd6e3c9c66b4, 2023-02-26T04:43:59+00:00
64ab9785109d76c3c8b1e06af98a2e72de4a6d26, 2023-02-27T04:46:47+00:00
81f502b2e32320026926b385fb9aa28f002a2b84, 2023-02-28T04:47:05+00:00
7c86ac8f13f162275bdddd0dbc640f4293b3b73e, 2023-03-01T04:47:56+00:00
a294bff4912a2205cc25358faf1464a7a8401b2d, 2023-03-02T04:46:19+00:00
4c0decfbdcabfe280d1392985a68e08781bc8b9a, 2023-03-03T04:56:57+00:00
b85c6735c0fdf55cc748f0b1bc9400a8b5a53cec, 2023-03-04T04:47:49+00:00
ae11ea2e8f18ec593868459dd2c6c4670e5627ca, 2023-03-05T04:46:41+00:00
4fccf4b6e3b8c9c24908b12f2cf75f00a646b706, 2023-03-06T04:46:19+00:00
c0611ef25ebdab388f6566aac34456e342cb5bfe, 2023-03-07T04:47:49+00:00
599088a53cfb711a29f307f88bab6ffcb0e8c2e5, 2023-03-08T04:46:26+00:00
384fd9c6f76e561d6f10a7c12c89b99ed204d1e2, 2023-03-09T04:46:24+00:00
6711987e8a29e7fb567d9dc0dcc960eacd09d29b, 2023-03-10T04:47:28+00:00
d62f285869a45b660046e57fe5d2979bd42e96d2, 2023-03-11T04:45:06+00:00
aa0188847bcfa73b0eefeabf6d86d080a0ec9117, 2023-03-12T04:42:18+00:00
8a265037a2f402adb4dba9a9cafb477a11d6ee70, 2023-03-13T04:45:16+00:00
07e51c3e3de67ad1d7a9c49f4485ea47ab75b944, 2023-03-14T04:43:36+00:00
0035548a1b7d2df2fd5cd7b76a8ff61f8c642c4a, 2023-03-15T04:45:49+00:00
c9fe37eec63f1ee3034261a0eb0ea97c6417f035, 2023-03-16T04:45:43+00:00
94599722c7f15477ec3c5c9fa64566dff8d5dca9, 2023-03-17T04:45:09+00:00
1c092b7ad62518927c8bda907c015185fc26769e, 2023-03-18T04:46:59+00:00
c17ff3344f89a4559e7d095f19424f6199759b66, 2023-03-19T04:44:18+00:00
500ff06b2e69aaafcfdfdd0ee6ecf8833fe9e5a5, 2023-03-20T04:44:52+00:00
0b7efc45f4246caddb70c917245734471857f288, 2023-03-21T04:43:32+00:00
cb1f38c686ea724b6564021d4e236e47e0e2a412, 2023-03-22T04:44:23+00:00
67e69f47a6f0fd6e9ddfaa474e68396ca5abf704, 2023-03-23T04:44:15+00:00
d66bab5523c52973d4d8722aafa4cea68cb9e6b2, 2023-03-24T04:44:24+00:00
6ce24c9a281071cb2623c8f4593581165a522271, 2023-03-25T04:44:36+00:00
0148cd7b79c3cb845019997b857803577db31956, 2023-03-26T04:44:22+00:00
9a9332936cef45a6abd823a05879c59268083265, 2023-03-27T04:45:11+00:00
a5678f7ef2adfda626fbea0dd8e0959938e9fb57, 2023-03-28T04:45:30+00:00
4cc1f206b7fee3512b7e1884203090820edb909c, 2023-03-29T04:46:26+00:00
86673abe0593a1248181445431d9eb05ab072431, 2023-03-30T04:43:37+00:00
9959534f05bf65d66b294392a2196d6f5bb12e62, 2023-03-31T04:43:07+00:00
a8f5bb941eef767efd96208334842cc011d00db2, 2023-04-01T04:44:45+00:00
b44b1da0724b640ef0033828fdfd69aa2520299a, 2023-04-02T04:44:16+00:00
999a1dddf1ca4faa9af51bf861cc7e436b22c1c6, 2023-04-03T04:45:03+00:00
c881930b51295cca172d4cdac4db8709cd6b394d, 2023-04-04T04:44:12+00:00
c9670b066da545fa9a3a32ea358ca1de5017c826, 2023-04-05T04:44:35+00:00
f4657d7046fe87377db69934ee6ec1641f5fd348, 2023-04-06T04:45:34+00:00
b54900716a83dff2123272714d70723058ae2174, 2023-04-07T04:45:00+00:00
0c34571a28c8a25d831dce8304b55bf5235c74a0, 2023-04-08T04:43:38+00:00
1fc0a275eef8f2dd28f4977b7beb9abce15cb0d4, 2023-04-09T04:43:57+00:00
4b16279719daaa0bb8963d6bde49d4a274460b05, 2023-04-10T04:43:39+00:00
0a5b798bcdb7fbd695fac0c77ca8848614510297, 2023-04-11T04:43:16+00:00
f405b3fbef12d134f9d352fbccfbc27028f189fa, 2023-04-12T04:42:40+00:00
56588ce555aea6fe0168ef995ab528e8e8c6bfff, 2023-04-13T04:43:11+00:00
00572006e1cecf04974573980e288f0c2bf1d4b6, 2023-04-14T04:44:31+00:00
a8c6e43d836229932b361faf5cf727d9e502971d, 2023-04-15T04:45:01+00:00
5894fc3349dc7e843c210ab158d1d0a295f28c84, 2023-04-16T04:44:05+00:00
a34dc24c4e4a281352a47c26c8f4c6e0af8b7309, 2023-04-17T04:43:21+00:00
40473c656630874f1295b2a0170faeb89ac6da85, 2023-04-18T04:44:19+00:00
bdcbb1691f01944cb8429b72896721722af9db68, 2023-04-19T04:47:13+00:00
2512a3b5d0b4a4e64ba1aa62b00ac787208b1556, 2023-04-20T04:43:59+00:00
a80eeb9129324167c3223271a5b5fae5be895459, 2023-04-21T04:44:45+00:00
6e0792dc9cd5d668531b39c42f60034b78cbb053, 2023-04-22T04:43:59+00:00
ff885f7a333877cccc0cda98455f2be7b450ea27, 2023-04-23T04:44:37+00:00
ef5bffd6e5ca570083f1cd8eb3e47dd77a1f47d7, 2023-04-24T04:44:54+00:00
6eef80012b9b1258aa1186cc5584ca4b0b4ee555, 2023-04-25T04:43:33+00:00
5fd4f22228ad91a612d51901b97255c5b641c3af, 2023-04-26T04:43:34+00:00
5a6c322e9ab2462a8be275a54a4e9419406e6409, 2023-04-27T04:44:52+00:00
642b99cbe4d865df314763236f75fc29b89daf07, 2023-04-28T04:43:40+00:00
88597ea1ce580695b6111a402b52ae511dc5944c, 2023-04-29T04:44:56+00:00
3d096650c601b8f68f30f241360858fb7048a4fa, 2023-04-30T04:43:11+00:00
7abdff645ae87a47997a12ec2b24ebaa1c4ee2ba, 2023-05-01T04:43:05+00:00
6d67c56445ee33dea4a42ed42647ee72c30ed2ba, 2023-05-02T04:44:43+00:00
ba6fdd1acf34d17c8fcb6b2fc87e63f9dcc5d000, 2023-05-03T04:46:02+00:00
ee17ffcac73cc2169005bdb1efb01b392afeeaa5, 2023-05-04T04:42:44+00:00
8033c38ebfd36e33180bb00e86f46942b26d3d77, 2023-05-05T04:44:06+00:00
910c3cd9a41bf1336c04ea9a28621353c7c0b3c5, 2023-05-06T04:42:52+00:00
8f9c1f01cd0383654b3bc7b23bc28f892b0434ef, 2023-05-07T04:43:43+00:00
9f675edbe9dbab6f8de26228c34164d64d3df1e7, 2023-05-08T04:42:40+00:00
7d2bd90b5e664490a7d0ace9df7e010fa5cb6c30, 2023-05-09T04:43:36+00:00
92a909269a2a4fcfacda4c9a1627b24c019d00e0, 2023-05-10T04:44:29+00:00
0ebe220ed247a91e8d6cd921963821a747b07927, 2023-05-11T04:42:24+00:00
5428b00f514fc68b0a80fb83a2707127a8e2702d, 2023-05-12T04:44:03+00:00
f1639d17c28a65ef661d8d826ed01a73ec6a7d08, 2023-05-13T04:43:23+00:00
d1767b913df7fe00c5a90113d0299a44fbb40542, 2023-05-14T04:44:43+00:00
e3ab91a91e9b0dc2f50565162f89e13990eae717, 2023-05-15T04:43:17+00:00
238cf41208267ad6b2b4de559c4ae23c0d93758e, 2023-05-16T04:42:48+00:00
3de7c8e4cad8bf726323115f3684bebe25be31b8, 2023-05-17T04:43:25+00:00
0240cd2103fdad03872dfbc17afec44afc96a038, 2023-05-18T04:44:18+00:00
397ce32919ba18aa249c444468846c0d9f91a0c7, 2023-05-19T04:44:45+00:00
28abbf2153d83992b4b44a02ce55c705e8e59124, 2023-05-20T04:44:24+00:00
dada7c3b90b1d322b5e00109e5570005def5e2ad, 2023-05-21T04:44:33+00:00
60be00b8e21d3a8ab93b669ae30ec3983405adb5, 2023-05-22T04:44:47+00:00
b683e7ff4e28f9aeebc161912d48f5ede9dab988, 2023-05-23T04:45:21+00:00
d805dbbdfd4330d13536621bc6f3084ed514eb13, 2023-05-24T04:43:23+00:00
dfed5b1d54f6fad79da8381a6d92b77eba926d97, 2023-05-25T04:45:11+00:00
8d399f883bc20e625ea14a2adb9f903031d9b197, 2023-05-26T04:43:37+00:00
7b34cb1e9179a13ee4b52b7dbf0b9e14db00dc43, 2023-05-27T04:45:06+00:00
2da00c2f2af15971b19f5bc8694b845ca059fcf9, 2023-05-28T04:42:27+00:00
123594514ceeef4ca1400efd3ef2d56912298ac6, 2023-05-29T04:41:54+00:00
03aae1d1536ddb077dfc136f2fc2de3c85d336ec, 2023-05-30T04:42:16+00:00
3cebcb601baa29072ad51c36f1e3c3d508016ebf, 2023-05-31T04:44:11+00:00
16f39b00a301b84ef2d40ed64a0abe06a0ed09f4, 2023-06-01T04:42:34+00:00
5082035d95e214cd240e8f20b26dfa85e8585d52, 2023-06-02T04:45:26+00:00
1af5d7e371c388020e8349c4e7f52bdb021857a1, 2023-06-03T04:43:19+00:00
c409332435a0d6c5100d2302cd3e7668ed721e6e, 2023-06-04T04:45:20+00:00
1c23ceabb8f97c872f822acde01179f821fb3662, 2023-06-05T04:44:14+00:00
d531b988faa2c3d8b727deb6cb1743860b7ec49a, 2023-06-06T04:42:44+00:00
7342bdfa87ea56f40dd86a3044d9625e934e3351, 2023-06-07T04:43:06+00:00
e92f97d8e7731f4a7db514b030cec36ac0e197b0, 2023-06-09T04:43:02+00:00
913838edb71912bbf17598adce867f987b4daf4a, 2023-06-10T04:44:51+00:00
aff2cf3107985be76bfe47742359cc077d690aac, 2023-06-11T04:44:34+00:00
a33ab7c75ac870a73ad4f2f069e35dd2f7e75301, 2023-06-12T04:44:02+00:00
33c694908b71416108ba9bb3b4ff636cdc92a19c, 2023-06-13T04:42:44+00:00
ecb809f5cc1dbfa3fd848a75c476e0d4cfd296a0, 2023-06-14T04:46:01+00:00
6bb38b377f8a9e1bcdd5431eca131b3db140ba83, 2023-06-15T04:43:59+00:00
94907dc0a44a3ef8e90d339e92dcc838988a3635, 2023-06-16T04:42:59+00:00
27effdd6d9ad998c025be15021134756c56dff4f, 2023-06-17T04:43:44+00:00
cb356e00d365117b538a8e46d33fc0f3b4663e55, 2023-06-18T04:43:50+00:00
9a06106bde49a804b89ed4bb32d7aa068b9088b4, 2023-06-19T04:45:10+00:00
2314da49cf1ff3ecac9e887d825688fef0b2f630, 2023-06-20T04:44:16+00:00
f8cf554b7143d51eff1edbd678792541f9ed2b30, 2023-06-21T04:43:50+00:00
59f46dca0ea3e50d3c77b42c38548105383fca86, 2023-06-22T04:42:42+00:00
8d8cb378e221861300c4994f0f7ee3112ead1131, 2023-06-23T04:46:05+00:00
db21053a8902bd9e7140baa5e0d32c46e0d1263b, 2023-06-24T04:44:25+00:00
3228f1f253cd3439a9dfab0ba7f43da22bc54b66, 2023-06-25T04:46:18+00:00
19bd3a6d5aab4e6120284d8982eb29797b97c604, 2023-06-26T04:47:53+00:00
8975eb24c6bb7d753a58e3e855314ad127c505bf, 2023-06-27T04:46:40+00:00
52259331c3e610266ebc636c940c8701bd7d79a9, 2023-06-28T04:46:01+00:00
8797c3f09d9cbd10abf4b25c17376dc37670b649, 2023-06-29T04:45:05+00:00
22eb8002bb44c2854f683b8bbc594f9b3a36299f, 2023-06-30T04:44:01+00:00
9e6fef3f974d114d0044818e8a5684ad89ed9bbc, 2023-07-01T04:44:26+00:00
fffdb0890ab540cbe01c0892afbc22d670782826, 2023-07-02T04:44:17+00:00
2498e88650bd62b199516fac27914b313bb79748, 2023-07-03T04:45:05+00:00
ba5851466e5eaab1b060ff6d93dedd519694ef51, 2023-07-04T04:47:12+00:00
1235abe969e1c23db9bd53a49756e26b9f99b7fa, 2023-07-05T04:47:11+00:00
bb491148570a3deebc529e8d56dd6f96c902a1a8, 2023-07-06T04:47:02+00:00
3258523a4d996546859960f99f5804754ced3788, 2023-07-07T04:44:30+00:00
a1f32714f1e6531c3ce7a5dec7d630f724e124cb, 2023-07-08T04:46:13+00:00
10a3302915ac31c8379a6ad50ff8e04465ff5361, 2023-07-09T04:44:43+00:00
ea8d735679bc70626b2ce837e6feb6b24c61d368, 2023-07-10T04:45:49+00:00
43c4bf9737073f5b84bbe624109a328bd3fb8f73, 2023-07-11T04:44:53+00:00
8f8bd1a88ff8de6c4371e4c956c635efd01af7b9, 2023-07-12T04:45:08+00:00
64457c7eed8525883244916e0cf0c076368069ee, 2023-07-13T04:45:40+00:00
ed306b6e6623f620d75efea5bc8c64e17efe50c1, 2023-07-14T04:45:40+00:00
ddbbf3020a10143c21e9eae949d7f4a15d813346, 2023-07-15T04:46:01+00:00
4349d3beaa9a7b4781b773d684bf1a0f46315bf2, 2023-07-16T04:45:14+00:00
469e8501edfe882bade513684f9bcf2d1b4a15d7, 2023-07-17T04:45:37+00:00
903ec80302e959dd25c8abcfe119a81b4b88e79a, 2023-07-18T04:44:33+00:00
b11dfcd8a7cc165ee8b29f22119a8a66a16292f3, 2023-07-19T04:47:20+00:00
c8ab1a936246695ab01dd69807ce1734bafd7b48, 2023-07-20T04:42:59+00:00
7ee75eb9d812cd80420663aaef27da2f8f342f8c, 2023-07-21T04:44:55+00:00
f3291d4f762eeb3413ded4b91836491f51d106a8, 2023-07-22T04:44:17+00:00
93f3e3e4174c21d95939acd3e0bad6b8ef899bad, 2023-07-23T04:45:34+00:00
2bb14e8fb6d873b66c05da27fe848f652951977d, 2023-07-24T04:44:23+00:00
902d1db301aee7c21922c4b287056a99233e2216, 2023-07-25T04:43:42+00:00
1c9ac7ed56b0015bd1e46d99768ea37a3ddbadde, 2023-07-26T04:45:10+00:00
fdfb4e7bc066fbfc5b65d25ba394c399acc3055b, 2023-07-27T04:45:05+00:00
34e8cc8b2f729177122599e163f86713bd523c37, 2023-07-28T04:44:07+00:00
50d3df42fdc7bd5074a51347aaeda67de5cb975b, 2023-07-29T04:44:49+00:00
f8e4bce9d5e952fa1b2d4774962434b4e58ec2fc, 2023-07-30T04:45:41+00:00
73131091fdf78b9cd85f8d1826cd3d3ac77e6dcd, 2023-07-31T04:44:00+00:00
aa1ba7c7c7fa2e9d28106a66966c728ae4d5049b, 2023-08-01T04:44:03+00:00
37e6ec5d2047b47a83c919fbdcdc46693d7efa74, 2023-08-02T04:42:22+00:00
f58f222ec3233e9e8988383a8c75155987ef5a59, 2023-08-03T04:45:31+00:00
f6f3cc1aac11215b2b42c86f7261f28d0b7bb369, 2023-08-04T04:44:48+00:00
5a54da20e6340abc791687acedc4ccc96966baf0, 2023-08-05T04:46:17+00:00
c8141dbf65769c0d8a8b2df48f94852ab86c087c, 2023-08-06T04:43:22+00:00
ddcf51d96c0463486aef208be58bfa9918e788c9, 2023-08-07T04:43:39+00:00
6b75233c32c0939db764f87a6c15421ab89cfe54, 2023-08-08T04:44:18+00:00
c5fd68ca1528f505c0f80f72f44597233d14a651, 2023-08-09T04:43:49+00:00
76b3d4cfb6f15a9d9d8db0f16e9d857af5633a2d, 2023-08-10T04:45:07+00:00
a15f167bed5467365289c1f40ef657b3add35d95, 2023-08-11T04:42:30+00:00
4fcb23d081dbb1b7d1220be4537ef959fee8d8a5, 2023-08-12T04:44:23+00:00
19dc794ceb6cb7d992c43af6be261246bb296368, 2023-08-13T04:44:53+00:00
c8b036c31faa74584ea2ff8fc197194753cfca0b, 2023-08-14T04:45:11+00:00
63530d5a41477e3beec862390f57335c9ff8b25c, 2023-08-15T04:44:03+00:00
b1c45a22681998fd50dc2a369683847d8790ff6c, 2023-08-16T04:44:27+00:00
fb564420bebe603e9a8ccfb288b9ac6a565e3935, 2023-08-17T04:44:12+00:00
18f3b54e2d21a300403eec88db9f8019a5897cb4, 2023-08-18T04:44:25+00:00
6a54113bfdc7e718bc492275da565644dfced573, 2023-08-19T04:43:30+00:00
9ea2a026942024e004a343ec6ad2bd823e8b194a, 2023-08-20T04:44:03+00:00
56c679bb723d93467be9aaaa09841ee2f38445f5, 2023-08-21T04:45:49+00:00
f29466a85a943d35a73f0d9c00e492c0d370b3e4, 2023-08-22T04:46:42+00:00
58361a96feb94267734d9a06411b1d9950c65d93, 2023-08-23T04:45:55+00:00
547cfdb12dbd7125622793fabf640483ee24b263, 2023-08-24T04:44:45+00:00
2877b839b6bec4832f3252b88dcaea2d257829ca, 2023-08-25T04:45:44+00:00
f5114802e4e0166333ce12ddba481ad2cb830e41, 2023-08-26T04:44:51+00:00
ec7dd6bef870836d1ded18c376e4c326606cc41f, 2023-08-27T04:43:22+00:00
aea0851d7ea5861277a5b935938aa5bbc9cfbd1d, 2023-08-28T04:44:32+00:00
516499a5c0f78e2be5d6aa73365ff39e035ccff3, 2023-08-29T04:44:03+00:00
5902347a25171d83366ba98819819ccbf58bbb10, 2023-08-30T04:43:37+00:00
460df93b37111807569d2ff75dcfed3f776d86a7, 2023-08-31T04:45:13+00:00
6e14da0b8acc6fafa06bcc326f05f713ff7761a4, 2023-09-01T04:43:36+00:00
783f11918a1032f578038bf4851a11d2db489dab, 2023-09-02T04:44:24+00:00
91bc286ec8e425176adf06a598e4ce692bb460fc, 2023-09-03T04:45:36+00:00
bab54c0495bbd789e906ffd51f2cda4f29ef48ac, 2023-09-04T04:46:01+00:00
e6c4a5387b58a9c856750c1e7813c94c765d1588, 2023-09-06T04:43:11+00:00
ab55bbd85a08cfd383f60af03337530296aba86a, 2023-09-07T04:44:03+00:00
631443c8d9e663a3f054a5c40ce045bbf57a6997, 2023-09-08T04:43:46+00:00
af6120b890507d3fb8142b1dbad1a4d1a955e9d5, 2023-09-09T04:43:48+00:00
d5bbf2981d0f9ef1fcc8961eee9c7ba56cfeaf7c, 2023-09-10T04:44:09+00:00
5bb6b4a91bd42c320d26957d3c36fd238e2baf8d, 2023-09-11T04:46:05+00:00
da4e56273a70c3293b8576244eae23d53dcba63c, 2023-09-12T04:46:22+00:00
aa74ba01925e71609da0534214d675ad3e285b94, 2023-09-13T04:43:09+00:00
796e95abcf9810b2d58e16da752c931b718219f2, 2023-09-14T04:43:53+00:00
0106e8f2b920a7a5656dd4efb0a7b451a607df2b, 2023-09-15T04:45:53+00:00
06612ae5cc8ba11c4a673c732ae8c7c50071fba7, 2023-09-16T04:44:27+00:00
694b876166d5863337e6112ca31d14455172e1e5, 2023-09-17T04:43:34+00:00
dd42a57b7dc7f51fc7ecb2bb84b41eb49adbcd0a, 2023-09-18T04:46:32+00:00
25bf55bac03b3a06c19bf9d888d857370f65e83f, 2023-09-19T04:44:36+00:00
24cd348e08c050d64e95afa00647c951be2ce325, 2023-09-20T04:45:30+00:00
0edd889b3850d6da1f4fa7fdd563a7a921bad5a0, 2023-09-21T04:43:15+00:00
3c253b7f04fff5ce658c41eaec76714f70710f62, 2023-09-22T04:45:12+00:00
e305260b88233ad9ba60d567b083c29e61fb9f35, 2023-09-23T04:44:56+00:00
61e3583e54f45a7d2c8682a8a01745eb6b846abb, 2023-09-24T04:45:30+00:00
1ea7534cb0abadceed8df194f92581905f24f17f, 2023-09-25T04:44:11+00:00
77afbe5693c3a887d767e973e802b3913bdf92ad, 2023-09-26T04:44:08+00:00
4dc27532a25103e2e550df4746b16b6cce471fcd, 2023-09-27T04:44:42+00:00
7dcd471bbb36733787d54acbf78eea3fcf2fcb2f, 2023-09-28T04:45:48+00:00
5c691bbf24a83e65e80ecc832baa6cf9e42a69c3, 2023-09-29T04:44:18+00:00
e90d283cf8dac9a885debbab5e350855aeb87e48, 2023-09-30T04:44:56+00:00
6fcf925e3ea2618fe69fc7c1eb7ac206c0302fb0, 2023-10-01T04:43:24+00:00
d9dfeb252316ecb40ccf86fbd79792b4957b58c6, 2023-10-02T04:44:53+00:00
92a8b702bd6ee4d6ede9c5ae4175549bac058b06, 2023-10-03T04:44:42+00:00
42581a0ca113af7250c693cba5fb800def72e1d4, 2023-10-04T04:43:31+00:00
d21f0f918ea8d87f4bf35b82a7e645a9b159d887, 2023-10-05T04:45:55+00:00
4cc3b938fd4fca00e35fe00522efdd56b3fa42da, 2023-10-06T04:46:04+00:00
ad47a63c5c875aafeadf6e5477b586ef4eff1df0, 2023-10-07T04:45:47+00:00
ca7f4f8722e38399fddd3f1cda10919d36185040, 2023-10-08T04:45:30+00:00
4f211d13ad25e2940344b50bd2c0751715f8e15b, 2023-10-09T04:45:33+00:00
4cbf56eb6c334cf5ea1771a398fadccf8500f4e7, 2023-10-10T04:43:24+00:00
d9240921c0e9a9cc59fc27e5930d4c11778b24c0, 2023-10-11T04:43:51+00:00
ac7b63eea01ab12ab9bbffef4568553e9d9969d7, 2023-10-12T04:45:44+00:00
b70094dd0e0e15b961047db746501fbaf2eedbae, 2023-10-13T04:44:44+00:00
337589707d1c08ea323cb987b48eb70c49c78392, 2023-10-14T04:42:58+00:00
dea44ee3bd75896dfe456efd14746e29b85fd73c, 2023-10-15T04:43:47+00:00
69e58c8e18a0ca4faf6c70c83d8d28e2231bb34a, 2023-10-16T04:44:54+00:00
72b24177ddb5803748b4abd5f1ae4ac538200463, 2023-10-17T04:43:24+00:00
6da0f2bd92fb0028203d91808bd27d272bec8d97, 2023-10-18T04:44:55+00:00
69aefb46637c7e66b02526563332a2251c5ac321, 2023-10-19T04:53:41+00:00
6161e8716c236e69d45c0096d9503ee0733ad5ca, 2023-10-20T04:45:39+00:00
